"time_id","the_date","the_day","the_year","the_month","day_of_month","day_since_epoch"
"1","1996-01-01","Monday","1996","1","1","33603"
"2","1996-01-02","Tuesday","1996","1","2","33604"
"3","1996-01-03","Wednesday","1996","1","3","33605"
"4","1996-01-04","Thursday","1996","1","4","33606"
"5","1996-01-05","Friday","1996","1","5","33607"
"6","1996-01-06","Saturday","1996","1","6","33608"
"7","1996-01-07","Sunday","1996","1","7","33609"
"8","1996-01-08","Monday","1996","1","8","33610"
"9","1996-01-09","Tuesday","1996","1","9","33611"
"10","1996-01-10","Wednesday","1996","1","10","33612"
"11","1996-01-11","Thursday","1996","1","11","33613"
"12","1996-01-12","Friday","1996","1","12","33614"
"13","1996-01-13","Saturday","1996","1","13","33615"
"14","1996-01-14","Sunday","1996","1","14","33616"
"15","1996-01-15","Monday","1996","1","15","33617"
"16","1996-01-16","Tuesday","1996","1","16","33618"
"17","1996-01-17","Wednesday","1996","1","17","33619"
"18","1996-01-18","Thursday","1996","1","18","33620"
"19","1996-01-19","Friday","1996","1","19","33621"
"20","1996-01-20","Saturday","1996","1","20","33622"
"21","1996-01-21","Sunday","1996","1","21","33623"
"22","1996-01-22","Monday","1996","1","22","33624"
"23","1996-01-23","Tuesday","1996","1","23","33625"
"24","1996-01-24","Wednesday","1996","1","24","33626"
"25","1996-01-25","Thursday","1996","1","25","33627"
"26","1996-01-26","Friday","1996","1","26","33628"
"27","1996-01-27","Saturday","1996","1","27","33629"
"28","1996-01-28","Sunday","1996","1","28","33630"
"29","1996-01-29","Monday","1996","1","29","33631"
"30","1996-01-30","Tuesday","1996","1","30","33632"
"31","1996-01-31","Wednesday","1996","1","31","33633"
"32","1996-02-01","Thursday","1996","2","1","33634"
"33","1996-02-02","Friday","1996","2","2","33635"
"34","1996-02-03","Saturday","1996","2","3","33636"
"35","1996-02-04","Sunday","1996","2","4","33637"
"36","1996-02-05","Monday","1996","2","5","33638"
"37","1996-02-06","Tuesday","1996","2","6","33639"
"38","1996-02-07","Wednesday","1996","2","7","33640"
"39","1996-02-08","Thursday","1996","2","8","33641"
"40","1996-02-09","Friday","1996","2","9","33642"
"41","1996-02-10","Saturday","1996","2","10","33643"
"42","1996-02-11","Sunday","1996","2","11","33644"
"43","1996-02-12","Monday","1996","2","12","33645"
"44","1996-02-13","Tuesday","1996","2","13","33646"
"45","1996-02-14","Wednesday","1996","2","14","33647"
"46","1996-02-15","Thursday","1996","2","15","33648"
"47","1996-02-16","Friday","1996","2","16","33649"
"48","1996-02-17","Saturday","1996","2","17","33650"
"49","1996-02-18","Sunday","1996","2","18","33651"
"50","1996-02-19","Monday","1996","2","19","33652"
"51","1996-02-20","Tuesday","1996","2","20","33653"
"52","1996-02-21","Wednesday","1996","2","21","33654"
"53","1996-02-22","Thursday","1996","2","22","33655"
"54","1996-02-23","Friday","1996","2","23","33656"
"55","1996-02-24","Saturday","1996","2","24","33657"
"56","1996-02-25","Sunday","1996","2","25","33658"
"57","1996-02-26","Monday","1996","2","26","33659"
"58","1996-02-27","Tuesday","1996","2","27","33660"
"59","1996-02-28","Wednesday","1996","2","28","33661"
"60","1996-02-29","Thursday","1996","2","29","33662"
"61","1996-03-01","Friday","1996","3","1","33663"
"62","1996-03-02","Saturday","1996","3","2","33664"
"63","1996-03-03","Sunday","1996","3","3","33665"
"64","1996-03-04","Monday","1996","3","4","33666"
"65","1996-03-05","Tuesday","1996","3","5","33667"
"66","1996-03-06","Wednesday","1996","3","6","33668"
"67","1996-03-07","Thursday","1996","3","7","33669"
"68","1996-03-08","Friday","1996","3","8","33670"
"69","1996-03-09","Saturday","1996","3","9","33671"
"70","1996-03-10","Sunday","1996","3","10","33672"
"71","1996-03-11","Monday","1996","3","11","33673"
"72","1996-03-12","Tuesday","1996","3","12","33674"
"73","1996-03-13","Wednesday","1996","3","13","33675"
"74","1996-03-14","Thursday","1996","3","14","33676"
"75","1996-03-15","Friday","1996","3","15","33677"
"76","1996-03-16","Saturday","1996","3","16","33678"
"77","1996-03-17","Sunday","1996","3","17","33679"
"78","1996-03-18","Monday","1996","3","18","33680"
"79","1996-03-19","Tuesday","1996","3","19","33681"
"80","1996-03-20","Wednesday","1996","3","20","33682"
"81","1996-03-21","Thursday","1996","3","21","33683"
"82","1996-03-22","Friday","1996","3","22","33684"
"83","1996-03-23","Saturday","1996","3","23","33685"
"84","1996-03-24","Sunday","1996","3","24","33686"
"85","1996-03-25","Monday","1996","3","25","33687"
"86","1996-03-26","Tuesday","1996","3","26","33688"
"87","1996-03-27","Wednesday","1996","3","27","33689"
"88","1996-03-28","Thursday","1996","3","28","33690"
"89","1996-03-29","Friday","1996","3","29","33691"
"90","1996-03-30","Saturday","1996","3","30","33692"
"91","1996-03-31","Sunday","1996","3","31","33693"
"92","1996-04-01","Monday","1996","4","1","33694"
"93","1996-04-02","Tuesday","1996","4","2","33695"
"94","1996-04-03","Wednesday","1996","4","3","33696"
"95","1996-04-04","Thursday","1996","4","4","33697"
"96","1996-04-05","Friday","1996","4","5","33698"
"97","1996-04-06","Saturday","1996","4","6","33699"
"98","1996-04-07","Sunday","1996","4","7","33700"
"99","1996-04-08","Monday","1996","4","8","33701"
"100","1996-04-09","Tuesday","1996","4","9","33702"
"101","1996-04-10","Wednesday","1996","4","10","33703"
"102","1996-04-11","Thursday","1996","4","11","33704"
"103","1996-04-12","Friday","1996","4","12","33705"
"104","1996-04-13","Saturday","1996","4","13","33706"
"105","1996-04-14","Sunday","1996","4","14","33707"
"106","1996-04-15","Monday","1996","4","15","33708"
"107","1996-04-16","Tuesday","1996","4","16","33709"
"108","1996-04-17","Wednesday","1996","4","17","33710"
"109","1996-04-18","Thursday","1996","4","18","33711"
"110","1996-04-19","Friday","1996","4","19","33712"
"111","1996-04-20","Saturday","1996","4","20","33713"
"112","1996-04-21","Sunday","1996","4","21","33714"
"113","1996-04-22","Monday","1996","4","22","33715"
"114","1996-04-23","Tuesday","1996","4","23","33716"
"115","1996-04-24","Wednesday","1996","4","24","33717"
"116","1996-04-25","Thursday","1996","4","25","33718"
"117","1996-04-26","Friday","1996","4","26","33719"
"118","1996-04-27","Saturday","1996","4","27","33720"
"119","1996-04-28","Sunday","1996","4","28","33721"
"120","1996-04-29","Monday","1996","4","29","33722"
"121","1996-04-30","Tuesday","1996","4","30","33723"
"122","1996-05-01","Wednesday","1996","5","1","33724"
"123","1996-05-02","Thursday","1996","5","2","33725"
"124","1996-05-03","Friday","1996","5","3","33726"
"125","1996-05-04","Saturday","1996","5","4","33727"
"126","1996-05-05","Sunday","1996","5","5","33728"
"127","1996-05-06","Monday","1996","5","6","33729"
"128","1996-05-07","Tuesday","1996","5","7","33730"
"129","1996-05-08","Wednesday","1996","5","8","33731"
"130","1996-05-09","Thursday","1996","5","9","33732"
"131","1996-05-10","Friday","1996","5","10","33733"
"132","1996-05-11","Saturday","1996","5","11","33734"
"133","1996-05-12","Sunday","1996","5","12","33735"
"134","1996-05-13","Monday","1996","5","13","33736"
"135","1996-05-14","Tuesday","1996","5","14","33737"
"136","1996-05-15","Wednesday","1996","5","15","33738"
"137","1996-05-16","Thursday","1996","5","16","33739"
"138","1996-05-17","Friday","1996","5","17","33740"
"139","1996-05-18","Saturday","1996","5","18","33741"
"140","1996-05-19","Sunday","1996","5","19","33742"
"141","1996-05-20","Monday","1996","5","20","33743"
"142","1996-05-21","Tuesday","1996","5","21","33744"
"143","1996-05-22","Wednesday","1996","5","22","33745"
"144","1996-05-23","Thursday","1996","5","23","33746"
"145","1996-05-24","Friday","1996","5","24","33747"
"146","1996-05-25","Saturday","1996","5","25","33748"
"147","1996-05-26","Sunday","1996","5","26","33749"
"148","1996-05-27","Monday","1996","5","27","33750"
"149","1996-05-28","Tuesday","1996","5","28","33751"
"150","1996-05-29","Wednesday","1996","5","29","33752"
"151","1996-05-30","Thursday","1996","5","30","33753"
"152","1996-05-31","Friday","1996","5","31","33754"
"153","1996-06-01","Saturday","1996","6","1","33755"
"154","1996-06-02","Sunday","1996","6","2","33756"
"155","1996-06-03","Monday","1996","6","3","33757"
"156","1996-06-04","Tuesday","1996","6","4","33758"
"157","1996-06-05","Wednesday","1996","6","5","33759"
"158","1996-06-06","Thursday","1996","6","6","33760"
"159","1996-06-07","Friday","1996","6","7","33761"
"160","1996-06-08","Saturday","1996","6","8","33762"
"161","1996-06-09","Sunday","1996","6","9","33763"
"162","1996-06-10","Monday","1996","6","10","33764"
"163","1996-06-11","Tuesday","1996","6","11","33765"
"164","1996-06-12","Wednesday","1996","6","12","33766"
"165","1996-06-13","Thursday","1996","6","13","33767"
"166","1996-06-14","Friday","1996","6","14","33768"
"167","1996-06-15","Saturday","1996","6","15","33769"
"168","1996-06-16","Sunday","1996","6","16","33770"
"169","1996-06-17","Monday","1996","6","17","33771"
"170","1996-06-18","Tuesday","1996","6","18","33772"
"171","1996-06-19","Wednesday","1996","6","19","33773"
"172","1996-06-20","Thursday","1996","6","20","33774"
"173","1996-06-21","Friday","1996","6","21","33775"
"174","1996-06-22","Saturday","1996","6","22","33776"
"175","1996-06-23","Sunday","1996","6","23","33777"
"176","1996-06-24","Monday","1996","6","24","33778"
"177","1996-06-25","Tuesday","1996","6","25","33779"
"178","1996-06-26","Wednesday","1996","6","26","33780"
"179","1996-06-27","Thursday","1996","6","27","33781"
"180","1996-06-28","Friday","1996","6","28","33782"
"181","1996-06-29","Saturday","1996","6","29","33783"
"182","1996-06-30","Sunday","1996","6","30","33784"
"183","1996-07-01","Monday","1996","7","1","33785"
"184","1996-07-02","Tuesday","1996","7","2","33786"
"185","1996-07-03","Wednesday","1996","7","3","33787"
"186","1996-07-04","Thursday","1996","7","4","33788"
"187","1996-07-05","Friday","1996","7","5","33789"
"188","1996-07-06","Saturday","1996","7","6","33790"
"189","1996-07-07","Sunday","1996","7","7","33791"
"190","1996-07-08","Monday","1996","7","8","33792"
"191","1996-07-09","Tuesday","1996","7","9","33793"
"192","1996-07-10","Wednesday","1996","7","10","33794"
"193","1996-07-11","Thursday","1996","7","11","33795"
"194","1996-07-12","Friday","1996","7","12","33796"
"195","1996-07-13","Saturday","1996","7","13","33797"
"196","1996-07-14","Sunday","1996","7","14","33798"
"197","1996-07-15","Monday","1996","7","15","33799"
"198","1996-07-16","Tuesday","1996","7","16","33800"
"199","1996-07-17","Wednesday","1996","7","17","33801"
"200","1996-07-18","Thursday","1996","7","18","33802"
"201","1996-07-19","Friday","1996","7","19","33803"
"202","1996-07-20","Saturday","1996","7","20","33804"
"203","1996-07-21","Sunday","1996","7","21","33805"
"204","1996-07-22","Monday","1996","7","22","33806"
"205","1996-07-23","Tuesday","1996","7","23","33807"
"206","1996-07-24","Wednesday","1996","7","24","33808"
"207","1996-07-25","Thursday","1996","7","25","33809"
"208","1996-07-26","Friday","1996","7","26","33810"
"209","1996-07-27","Saturday","1996","7","27","33811"
"210","1996-07-28","Sunday","1996","7","28","33812"
"211","1996-07-29","Monday","1996","7","29","33813"
"212","1996-07-30","Tuesday","1996","7","30","33814"
"213","1996-07-31","Wednesday","1996","7","31","33815"
"214","1996-08-01","Thursday","1996","8","1","33816"
"215","1996-08-02","Friday","1996","8","2","33817"
"216","1996-08-03","Saturday","1996","8","3","33818"
"217","1996-08-04","Sunday","1996","8","4","33819"
"218","1996-08-05","Monday","1996","8","5","33820"
"219","1996-08-06","Tuesday","1996","8","6","33821"
"220","1996-08-07","Wednesday","1996","8","7","33822"
"221","1996-08-08","Thursday","1996","8","8","33823"
"222","1996-08-09","Friday","1996","8","9","33824"
"223","1996-08-10","Saturday","1996","8","10","33825"
"224","1996-08-11","Sunday","1996","8","11","33826"
"225","1996-08-12","Monday","1996","8","12","33827"
"226","1996-08-13","Tuesday","1996","8","13","33828"
"227","1996-08-14","Wednesday","1996","8","14","33829"
"228","1996-08-15","Thursday","1996","8","15","33830"
"229","1996-08-16","Friday","1996","8","16","33831"
"230","1996-08-17","Saturday","1996","8","17","33832"
"231","1996-08-18","Sunday","1996","8","18","33833"
"232","1996-08-19","Monday","1996","8","19","33834"
"233","1996-08-20","Tuesday","1996","8","20","33835"
"234","1996-08-21","Wednesday","1996","8","21","33836"
"235","1996-08-22","Thursday","1996","8","22","33837"
"236","1996-08-23","Friday","1996","8","23","33838"
"237","1996-08-24","Saturday","1996","8","24","33839"
"238","1996-08-25","Sunday","1996","8","25","33840"
"239","1996-08-26","Monday","1996","8","26","33841"
"240","1996-08-27","Tuesday","1996","8","27","33842"
"241","1996-08-28","Wednesday","1996","8","28","33843"
"242","1996-08-29","Thursday","1996","8","29","33844"
"243","1996-08-30","Friday","1996","8","30","33845"
"244","1996-08-31","Saturday","1996","8","31","33846"
"245","1996-09-01","Sunday","1996","9","1","33847"
"246","1996-09-02","Monday","1996","9","2","33848"
"247","1996-09-03","Tuesday","1996","9","3","33849"
"248","1996-09-04","Wednesday","1996","9","4","33850"
"249","1996-09-05","Thursday","1996","9","5","33851"
"250","1996-09-06","Friday","1996","9","6","33852"
"251","1996-09-07","Saturday","1996","9","7","33853"
"252","1996-09-08","Sunday","1996","9","8","33854"
"253","1996-09-09","Monday","1996","9","9","33855"
"254","1996-09-10","Tuesday","1996","9","10","33856"
"255","1996-09-11","Wednesday","1996","9","11","33857"
"256","1996-09-12","Thursday","1996","9","12","33858"
"257","1996-09-13","Friday","1996","9","13","33859"
"258","1996-09-14","Saturday","1996","9","14","33860"
"259","1996-09-15","Sunday","1996","9","15","33861"
"260","1996-09-16","Monday","1996","9","16","33862"
"261","1996-09-17","Tuesday","1996","9","17","33863"
"262","1996-09-18","Wednesday","1996","9","18","33864"
"263","1996-09-19","Thursday","1996","9","19","33865"
"264","1996-09-20","Friday","1996","9","20","33866"
"265","1996-09-21","Saturday","1996","9","21","33867"
"266","1996-09-22","Sunday","1996","9","22","33868"
"267","1996-09-23","Monday","1996","9","23","33869"
"268","1996-09-24","Tuesday","1996","9","24","33870"
"269","1996-09-25","Wednesday","1996","9","25","33871"
"270","1996-09-26","Thursday","1996","9","26","33872"
"271","1996-09-27","Friday","1996","9","27","33873"
"272","1996-09-28","Saturday","1996","9","28","33874"
"273","1996-09-29","Sunday","1996","9","29","33875"
"274","1996-09-30","Monday","1996","9","30","33876"
"275","1996-10-01","Tuesday","1996","10","1","33877"
"276","1996-10-02","Wednesday","1996","10","2","33878"
"277","1996-10-03","Thursday","1996","10","3","33879"
"278","1996-10-04","Friday","1996","10","4","33880"
"279","1996-10-05","Saturday","1996","10","5","33881"
"280","1996-10-06","Sunday","1996","10","6","33882"
"281","1996-10-07","Monday","1996","10","7","33883"
"282","1996-10-08","Tuesday","1996","10","8","33884"
"283","1996-10-09","Wednesday","1996","10","9","33885"
"284","1996-10-10","Thursday","1996","10","10","33886"
"285","1996-10-11","Friday","1996","10","11","33887"
"286","1996-10-12","Saturday","1996","10","12","33888"
"287","1996-10-13","Sunday","1996","10","13","33889"
"288","1996-10-14","Monday","1996","10","14","33890"
"289","1996-10-15","Tuesday","1996","10","15","33891"
"290","1996-10-16","Wednesday","1996","10","16","33892"
"291","1996-10-17","Thursday","1996","10","17","33893"
"292","1996-10-18","Friday","1996","10","18","33894"
"293","1996-10-19","Saturday","1996","10","19","33895"
"294","1996-10-20","Sunday","1996","10","20","33896"
"295","1996-10-21","Monday","1996","10","21","33897"
"296","1996-10-22","Tuesday","1996","10","22","33898"
"297","1996-10-23","Wednesday","1996","10","23","33899"
"298","1996-10-24","Thursday","1996","10","24","33900"
"299","1996-10-25","Friday","1996","10","25","33901"
"300","1996-10-26","Saturday","1996","10","26","33902"
"301","1996-10-27","Sunday","1996","10","27","33903"
"302","1996-10-28","Monday","1996","10","28","33904"
"303","1996-10-29","Tuesday","1996","10","29","33905"
"304","1996-10-30","Wednesday","1996","10","30","33906"
"305","1996-10-31","Thursday","1996","10","31","33907"
"306","1996-11-01","Friday","1996","11","1","33908"
"307","1996-11-02","Saturday","1996","11","2","33909"
"308","1996-11-03","Sunday","1996","11","3","33910"
"309","1996-11-04","Monday","1996","11","4","33911"
"310","1996-11-05","Tuesday","1996","11","5","33912"
"311","1996-11-06","Wednesday","1996","11","6","33913"
"312","1996-11-07","Thursday","1996","11","7","33914"
"313","1996-11-08","Friday","1996","11","8","33915"
"314","1996-11-09","Saturday","1996","11","9","33916"
"315","1996-11-10","Sunday","1996","11","10","33917"
"316","1996-11-11","Monday","1996","11","11","33918"
"317","1996-11-12","Tuesday","1996","11","12","33919"
"318","1996-11-13","Wednesday","1996","11","13","33920"
"319","1996-11-14","Thursday","1996","11","14","33921"
"320","1996-11-15","Friday","1996","11","15","33922"
"321","1996-11-16","Saturday","1996","11","16","33923"
"322","1996-11-17","Sunday","1996","11","17","33924"
"323","1996-11-18","Monday","1996","11","18","33925"
"324","1996-11-19","Tuesday","1996","11","19","33926"
"325","1996-11-20","Wednesday","1996","11","20","33927"
"326","1996-11-21","Thursday","1996","11","21","33928"
"327","1996-11-22","Friday","1996","11","22","33929"
"328","1996-11-23","Saturday","1996","11","23","33930"
"329","1996-11-24","Sunday","1996","11","24","33931"
"330","1996-11-25","Monday","1996","11","25","33932"
"331","1996-11-26","Tuesday","1996","11","26","33933"
"332","1996-11-27","Wednesday","1996","11","27","33934"
"333","1996-11-28","Thursday","1996","11","28","33935"
"334","1996-11-29","Friday","1996","11","29","33936"
"335","1996-11-30","Saturday","1996","11","30","33937"
"336","1996-12-01","Sunday","1996","12","1","33938"
"337","1996-12-02","Monday","1996","12","2","33939"
"338","1996-12-03","Tuesday","1996","12","3","33940"
"339","1996-12-04","Wednesday","1996","12","4","33941"
"340","1996-12-05","Thursday","1996","12","5","33942"
"341","1996-12-06","Friday","1996","12","6","33943"
"342","1996-12-07","Saturday","1996","12","7","33944"
"343","1996-12-08","Sunday","1996","12","8","33945"
"344","1996-12-09","Monday","1996","12","9","33946"
"345","1996-12-10","Tuesday","1996","12","10","33947"
"346","1996-12-11","Wednesday","1996","12","11","33948"
"347","1996-12-12","Thursday","1996","12","12","33949"
"348","1996-12-13","Friday","1996","12","13","33950"
"349","1996-12-14","Saturday","1996","12","14","33951"
"350","1996-12-15","Sunday","1996","12","15","33952"
"351","1996-12-16","Monday","1996","12","16","33953"
"352","1996-12-17","Tuesday","1996","12","17","33954"
"353","1996-12-18","Wednesday","1996","12","18","33955"
"354","1996-12-19","Thursday","1996","12","19","33956"
"355","1996-12-20","Friday","1996","12","20","33957"
"356","1996-12-21","Saturday","1996","12","21","33958"
"357","1996-12-22","Sunday","1996","12","22","33959"
"358","1996-12-23","Monday","1996","12","23","33960"
"359","1996-12-24","Tuesday","1996","12","24","33961"
"360","1996-12-25","Wednesday","1996","12","25","33962"
"361","1996-12-26","Thursday","1996","12","26","33963"
"362","1996-12-27","Friday","1996","12","27","33964"
"363","1996-12-28","Saturday","1996","12","28","33965"
"364","1996-12-29","Sunday","1996","12","29","33966"
"365","1996-12-30","Monday","1996","12","30","33967"
"366","1996-12-31","Tuesday","1996","12","31","33968"
"367","1997-01-01","Wednesday","1997","1","1","33969"
"368","1997-01-02","Thursday","1997","1","2","33970"
"369","1997-01-03","Friday","1997","1","3","33971"
"370","1997-01-04","Saturday","1997","1","4","33972"
"371","1997-01-05","Sunday","1997","1","5","33973"
"372","1997-01-06","Monday","1997","1","6","33974"
"373","1997-01-07","Tuesday","1997","1","7","33975"
"374","1997-01-08","Wednesday","1997","1","8","33976"
"375","1997-01-09","Thursday","1997","1","9","33977"
"376","1997-01-10","Friday","1997","1","10","33978"
"377","1997-01-11","Saturday","1997","1","11","33979"
"378","1997-01-12","Sunday","1997","1","12","33980"
"379","1997-01-13","Monday","1997","1","13","33981"
"380","1997-01-14","Tuesday","1997","1","14","33982"
"381","1997-01-15","Wednesday","1997","1","15","33983"
"382","1997-01-16","Thursday","1997","1","16","33984"
"383","1997-01-17","Friday","1997","1","17","33985"
"384","1997-01-18","Saturday","1997","1","18","33986"
"385","1997-01-19","Sunday","1997","1","19","33987"
"386","1997-01-20","Monday","1997","1","20","33988"
"387","1997-01-21","Tuesday","1997","1","21","33989"
"388","1997-01-22","Wednesday","1997","1","22","33990"
"389","1997-01-23","Thursday","1997","1","23","33991"
"390","1997-01-24","Friday","1997","1","24","33992"
"391","1997-01-25","Saturday","1997","1","25","33993"
"392","1997-01-26","Sunday","1997","1","26","33994"
"393","1997-01-27","Monday","1997","1","27","33995"
"394","1997-01-28","Tuesday","1997","1","28","33996"
"395","1997-01-29","Wednesday","1997","1","29","33997"
"396","1997-01-30","Thursday","1997","1","30","33998"
"397","1997-01-31","Friday","1997","1","31","33999"
"398","1997-02-01","Saturday","1997","2","1","34000"
"399","1997-02-02","Sunday","1997","2","2","34001"
"400","1997-02-03","Monday","1997","2","3","34002"
"401","1997-02-04","Tuesday","1997","2","4","34003"
"402","1997-02-05","Wednesday","1997","2","5","34004"
"403","1997-02-06","Thursday","1997","2","6","34005"
"404","1997-02-07","Friday","1997","2","7","34006"
"405","1997-02-08","Saturday","1997","2","8","34007"
"406","1997-02-09","Sunday","1997","2","9","34008"
"407","1997-02-10","Monday","1997","2","10","34009"
"408","1997-02-11","Tuesday","1997","2","11","34010"
"409","1997-02-12","Wednesday","1997","2","12","34011"
"410","1997-02-13","Thursday","1997","2","13","34012"
"411","1997-02-14","Friday","1997","2","14","34013"
"412","1997-02-15","Saturday","1997","2","15","34014"
"413","1997-02-16","Sunday","1997","2","16","34015"
"414","1997-02-17","Monday","1997","2","17","34016"
"415","1997-02-18","Tuesday","1997","2","18","34017"
"416","1997-02-19","Wednesday","1997","2","19","34018"
"417","1997-02-20","Thursday","1997","2","20","34019"
"418","1997-02-21","Friday","1997","2","21","34020"
"419","1997-02-22","Saturday","1997","2","22","34021"
"420","1997-02-23","Sunday","1997","2","23","34022"
"421","1997-02-24","Monday","1997","2","24","34023"
"422","1997-02-25","Tuesday","1997","2","25","34024"
"423","1997-02-26","Wednesday","1997","2","26","34025"
"424","1997-02-27","Thursday","1997","2","27","34026"
"425","1997-02-28","Friday","1997","2","28","34027"
"426","1997-03-01","Saturday","1997","3","1","34028"
"427","1997-03-02","Sunday","1997","3","2","34029"
"428","1997-03-03","Monday","1997","3","3","34030"
"429","1997-03-04","Tuesday","1997","3","4","34031"
"430","1997-03-05","Wednesday","1997","3","5","34032"
"431","1997-03-06","Thursday","1997","3","6","34033"
"432","1997-03-07","Friday","1997","3","7","34034"
"433","1997-03-08","Saturday","1997","3","8","34035"
"434","1997-03-09","Sunday","1997","3","9","34036"
"435","1997-03-10","Monday","1997","3","10","34037"
"436","1997-03-11","Tuesday","1997","3","11","34038"
"437","1997-03-12","Wednesday","1997","3","12","34039"
"438","1997-03-13","Thursday","1997","3","13","34040"
"439","1997-03-14","Friday","1997","3","14","34041"
"440","1997-03-15","Saturday","1997","3","15","34042"
"441","1997-03-16","Sunday","1997","3","16","34043"
"442","1997-03-17","Monday","1997","3","17","34044"
"443","1997-03-18","Tuesday","1997","3","18","34045"
"444","1997-03-19","Wednesday","1997","3","19","34046"
"445","1997-03-20","Thursday","1997","3","20","34047"
"446","1997-03-21","Friday","1997","3","21","34048"
"447","1997-03-22","Saturday","1997","3","22","34049"
"448","1997-03-23","Sunday","1997","3","23","34050"
"449","1997-03-24","Monday","1997","3","24","34051"
"450","1997-03-25","Tuesday","1997","3","25","34052"
"451","1997-03-26","Wednesday","1997","3","26","34053"
"452","1997-03-27","Thursday","1997","3","27","34054"
"453","1997-03-28","Friday","1997","3","28","34055"
"454","1997-03-29","Saturday","1997","3","29","34056"
"455","1997-03-30","Sunday","1997","3","30","34057"
"456","1997-03-31","Monday","1997","3","31","34058"
"457","1997-04-01","Tuesday","1997","4","1","34059"
"458","1997-04-02","Wednesday","1997","4","2","34060"
"459","1997-04-03","Thursday","1997","4","3","34061"
"460","1997-04-04","Friday","1997","4","4","34062"
"461","1997-04-05","Saturday","1997","4","5","34063"
"462","1997-04-06","Sunday","1997","4","6","34064"
"463","1997-04-07","Monday","1997","4","7","34065"
"464","1997-04-08","Tuesday","1997","4","8","34066"
"465","1997-04-09","Wednesday","1997","4","9","34067"
"466","1997-04-10","Thursday","1997","4","10","34068"
"467","1997-04-11","Friday","1997","4","11","34069"
"468","1997-04-12","Saturday","1997","4","12","34070"
"469","1997-04-13","Sunday","1997","4","13","34071"
"470","1997-04-14","Monday","1997","4","14","34072"
"471","1997-04-15","Tuesday","1997","4","15","34073"
"472","1997-04-16","Wednesday","1997","4","16","34074"
"473","1997-04-17","Thursday","1997","4","17","34075"
"474","1997-04-18","Friday","1997","4","18","34076"
"475","1997-04-19","Saturday","1997","4","19","34077"
"476","1997-04-20","Sunday","1997","4","20","34078"
"477","1997-04-21","Monday","1997","4","21","34079"
"478","1997-04-22","Tuesday","1997","4","22","34080"
"479","1997-04-23","Wednesday","1997","4","23","34081"
"480","1997-04-24","Thursday","1997","4","24","34082"
"481","1997-04-25","Friday","1997","4","25","34083"
"482","1997-04-26","Saturday","1997","4","26","34084"
"483","1997-04-27","Sunday","1997","4","27","34085"
"484","1997-04-28","Monday","1997","4","28","34086"
"485","1997-04-29","Tuesday","1997","4","29","34087"
"486","1997-04-30","Wednesday","1997","4","30","34088"
"487","1997-05-01","Thursday","1997","5","1","34089"
"488","1997-05-02","Friday","1997","5","2","34090"
"489","1997-05-03","Saturday","1997","5","3","34091"
"490","1997-05-04","Sunday","1997","5","4","34092"
"491","1997-05-05","Monday","1997","5","5","34093"
"492","1997-05-06","Tuesday","1997","5","6","34094"
"493","1997-05-07","Wednesday","1997","5","7","34095"
"494","1997-05-08","Thursday","1997","5","8","34096"
"495","1997-05-09","Friday","1997","5","9","34097"
"496","1997-05-10","Saturday","1997","5","10","34098"
"497","1997-05-11","Sunday","1997","5","11","34099"
"498","1997-05-12","Monday","1997","5","12","34100"
"499","1997-05-13","Tuesday","1997","5","13","34101"
"500","1997-05-14","Wednesday","1997","5","14","34102"
"501","1997-05-15","Thursday","1997","5","15","34103"
"502","1997-05-16","Friday","1997","5","16","34104"
"503","1997-05-17","Saturday","1997","5","17","34105"
"504","1997-05-18","Sunday","1997","5","18","34106"
"505","1997-05-19","Monday","1997","5","19","34107"
"506","1997-05-20","Tuesday","1997","5","20","34108"
"507","1997-05-21","Wednesday","1997","5","21","34109"
"508","1997-05-22","Thursday","1997","5","22","34110"
"509","1997-05-23","Friday","1997","5","23","34111"
"510","1997-05-24","Saturday","1997","5","24","34112"
"511","1997-05-25","Sunday","1997","5","25","34113"
"512","1997-05-26","Monday","1997","5","26","34114"
"513","1997-05-27","Tuesday","1997","5","27","34115"
"514","1997-05-28","Wednesday","1997","5","28","34116"
"515","1997-05-29","Thursday","1997","5","29","34117"
"516","1997-05-30","Friday","1997","5","30","34118"
"517","1997-05-31","Saturday","1997","5","31","34119"
"518","1997-06-01","Sunday","1997","6","1","34120"
"519","1997-06-02","Monday","1997","6","2","34121"
"520","1997-06-03","Tuesday","1997","6","3","34122"
"521","1997-06-04","Wednesday","1997","6","4","34123"
"522","1997-06-05","Thursday","1997","6","5","34124"
"523","1997-06-06","Friday","1997","6","6","34125"
"524","1997-06-07","Saturday","1997","6","7","34126"
"525","1997-06-08","Sunday","1997","6","8","34127"
"526","1997-06-09","Monday","1997","6","9","34128"
"527","1997-06-10","Tuesday","1997","6","10","34129"
"528","1997-06-11","Wednesday","1997","6","11","34130"
"529","1997-06-12","Thursday","1997","6","12","34131"
"530","1997-06-13","Friday","1997","6","13","34132"
"531","1997-06-14","Saturday","1997","6","14","34133"
"532","1997-06-15","Sunday","1997","6","15","34134"
"533","1997-06-16","Monday","1997","6","16","34135"
"534","1997-06-17","Tuesday","1997","6","17","34136"
"535","1997-06-18","Wednesday","1997","6","18","34137"
"536","1997-06-19","Thursday","1997","6","19","34138"
"537","1997-06-20","Friday","1997","6","20","34139"
"538","1997-06-21","Saturday","1997","6","21","34140"
"539","1997-06-22","Sunday","1997","6","22","34141"
"540","1997-06-23","Monday","1997","6","23","34142"
"541","1997-06-24","Tuesday","1997","6","24","34143"
"542","1997-06-25","Wednesday","1997","6","25","34144"
"543","1997-06-26","Thursday","1997","6","26","34145"
"544","1997-06-27","Friday","1997","6","27","34146"
"545","1997-06-28","Saturday","1997","6","28","34147"
"546","1997-06-29","Sunday","1997","6","29","34148"
"547","1997-06-30","Monday","1997","6","30","34149"
"548","1997-07-01","Tuesday","1997","7","1","34150"
"549","1997-07-02","Wednesday","1997","7","2","34151"
"550","1997-07-03","Thursday","1997","7","3","34152"
"551","1997-07-04","Friday","1997","7","4","34153"
"552","1997-07-05","Saturday","1997","7","5","34154"
"553","1997-07-06","Sunday","1997","7","6","34155"
"554","1997-07-07","Monday","1997","7","7","34156"
"555","1997-07-08","Tuesday","1997","7","8","34157"
"556","1997-07-09","Wednesday","1997","7","9","34158"
"557","1997-07-10","Thursday","1997","7","10","34159"
"558","1997-07-11","Friday","1997","7","11","34160"
"559","1997-07-12","Saturday","1997","7","12","34161"
"560","1997-07-13","Sunday","1997","7","13","34162"
"561","1997-07-14","Monday","1997","7","14","34163"
"562","1997-07-15","Tuesday","1997","7","15","34164"
"563","1997-07-16","Wednesday","1997","7","16","34165"
"564","1997-07-17","Thursday","1997","7","17","34166"
"565","1997-07-18","Friday","1997","7","18","34167"
"566","1997-07-19","Saturday","1997","7","19","34168"
"567","1997-07-20","Sunday","1997","7","20","34169"
"568","1997-07-21","Monday","1997","7","21","34170"
"569","1997-07-22","Tuesday","1997","7","22","34171"
"570","1997-07-23","Wednesday","1997","7","23","34172"
"571","1997-07-24","Thursday","1997","7","24","34173"
"572","1997-07-25","Friday","1997","7","25","34174"
"573","1997-07-26","Saturday","1997","7","26","34175"
"574","1997-07-27","Sunday","1997","7","27","34176"
"575","1997-07-28","Monday","1997","7","28","34177"
"576","1997-07-29","Tuesday","1997","7","29","34178"
"577","1997-07-30","Wednesday","1997","7","30","34179"
"578","1997-07-31","Thursday","1997","7","31","34180"
"579","1997-08-01","Friday","1997","8","1","34181"
"580","1997-08-02","Saturday","1997","8","2","34182"
"581","1997-08-03","Sunday","1997","8","3","34183"
"582","1997-08-04","Monday","1997","8","4","34184"
"583","1997-08-05","Tuesday","1997","8","5","34185"
"584","1997-08-06","Wednesday","1997","8","6","34186"
"585","1997-08-07","Thursday","1997","8","7","34187"
"586","1997-08-08","Friday","1997","8","8","34188"
"587","1997-08-09","Saturday","1997","8","9","34189"
"588","1997-08-10","Sunday","1997","8","10","34190"
"589","1997-08-11","Monday","1997","8","11","34191"
"590","1997-08-12","Tuesday","1997","8","12","34192"
"591","1997-08-13","Wednesday","1997","8","13","34193"
"592","1997-08-14","Thursday","1997","8","14","34194"
"593","1997-08-15","Friday","1997","8","15","34195"
"594","1997-08-16","Saturday","1997","8","16","34196"
"595","1997-08-17","Sunday","1997","8","17","34197"
"596","1997-08-18","Monday","1997","8","18","34198"
"597","1997-08-19","Tuesday","1997","8","19","34199"
"598","1997-08-20","Wednesday","1997","8","20","34200"
"599","1997-08-21","Thursday","1997","8","21","34201"
"600","1997-08-22","Friday","1997","8","22","34202"
"601","1997-08-23","Saturday","1997","8","23","34203"
"602","1997-08-24","Sunday","1997","8","24","34204"
"603","1997-08-25","Monday","1997","8","25","34205"
"604","1997-08-26","Tuesday","1997","8","26","34206"
"605","1997-08-27","Wednesday","1997","8","27","34207"
"606","1997-08-28","Thursday","1997","8","28","34208"
"607","1997-08-29","Friday","1997","8","29","34209"
"608","1997-08-30","Saturday","1997","8","30","34210"
"609","1997-08-31","Sunday","1997","8","31","34211"
"610","1997-09-01","Monday","1997","9","1","34212"
"611","1997-09-02","Tuesday","1997","9","2","34213"
"612","1997-09-03","Wednesday","1997","9","3","34214"
"613","1997-09-04","Thursday","1997","9","4","34215"
"614","1997-09-05","Friday","1997","9","5","34216"
"615","1997-09-06","Saturday","1997","9","6","34217"
"616","1997-09-07","Sunday","1997","9","7","34218"
"617","1997-09-08","Monday","1997","9","8","34219"
"618","1997-09-09","Tuesday","1997","9","9","34220"
"619","1997-09-10","Wednesday","1997","9","10","34221"
"620","1997-09-11","Thursday","1997","9","11","34222"
"621","1997-09-12","Friday","1997","9","12","34223"
"622","1997-09-13","Saturday","1997","9","13","34224"
"623","1997-09-14","Sunday","1997","9","14","34225"
"624","1997-09-15","Monday","1997","9","15","34226"
"625","1997-09-16","Tuesday","1997","9","16","34227"
"626","1997-09-17","Wednesday","1997","9","17","34228"
"627","1997-09-18","Thursday","1997","9","18","34229"
"628","1997-09-19","Friday","1997","9","19","34230"
"629","1997-09-20","Saturday","1997","9","20","34231"
"630","1997-09-21","Sunday","1997","9","21","34232"
"631","1997-09-22","Monday","1997","9","22","34233"
"632","1997-09-23","Tuesday","1997","9","23","34234"
"633","1997-09-24","Wednesday","1997","9","24","34235"
"634","1997-09-25","Thursday","1997","9","25","34236"
"635","1997-09-26","Friday","1997","9","26","34237"
"636","1997-09-27","Saturday","1997","9","27","34238"
"637","1997-09-28","Sunday","1997","9","28","34239"
"638","1997-09-29","Monday","1997","9","29","34240"
"639","1997-09-30","Tuesday","1997","9","30","34241"
"640","1997-10-01","Wednesday","1997","10","1","34242"
"641","1997-10-02","Thursday","1997","10","2","34243"
"642","1997-10-03","Friday","1997","10","3","34244"
"643","1997-10-04","Saturday","1997","10","4","34245"
"644","1997-10-05","Sunday","1997","10","5","34246"
"645","1997-10-06","Monday","1997","10","6","34247"
"646","1997-10-07","Tuesday","1997","10","7","34248"
"647","1997-10-08","Wednesday","1997","10","8","34249"
"648","1997-10-09","Thursday","1997","10","9","34250"
"649","1997-10-10","Friday","1997","10","10","34251"
"650","1997-10-11","Saturday","1997","10","11","34252"
"651","1997-10-12","Sunday","1997","10","12","34253"
"652","1997-10-13","Monday","1997","10","13","34254"
"653","1997-10-14","Tuesday","1997","10","14","34255"
"654","1997-10-15","Wednesday","1997","10","15","34256"
"655","1997-10-16","Thursday","1997","10","16","34257"
"656","1997-10-17","Friday","1997","10","17","34258"
"657","1997-10-18","Saturday","1997","10","18","34259"
"658","1997-10-19","Sunday","1997","10","19","34260"
"659","1997-10-20","Monday","1997","10","20","34261"
"660","1997-10-21","Tuesday","1997","10","21","34262"
"661","1997-10-22","Wednesday","1997","10","22","34263"
"662","1997-10-23","Thursday","1997","10","23","34264"
"663","1997-10-24","Friday","1997","10","24","34265"
"664","1997-10-25","Saturday","1997","10","25","34266"
"665","1997-10-26","Sunday","1997","10","26","34267"
"666","1997-10-27","Monday","1997","10","27","34268"
"667","1997-10-28","Tuesday","1997","10","28","34269"
"668","1997-10-29","Wednesday","1997","10","29","34270"
"669","1997-10-30","Thursday","1997","10","30","34271"
"670","1997-10-31","Friday","1997","10","31","34272"
"671","1997-11-01","Saturday","1997","11","1","34273"
"672","1997-11-02","Sunday","1997","11","2","34274"
"673","1997-11-03","Monday","1997","11","3","34275"
"674","1997-11-04","Tuesday","1997","11","4","34276"
"675","1997-11-05","Wednesday","1997","11","5","34277"
"676","1997-11-06","Thursday","1997","11","6","34278"
"677","1997-11-07","Friday","1997","11","7","34279"
"678","1997-11-08","Saturday","1997","11","8","34280"
"679","1997-11-09","Sunday","1997","11","9","34281"
"680","1997-11-10","Monday","1997","11","10","34282"
"681","1997-11-11","Tuesday","1997","11","11","34283"
"682","1997-11-12","Wednesday","1997","11","12","34284"
"683","1997-11-13","Thursday","1997","11","13","34285"
"684","1997-11-14","Friday","1997","11","14","34286"
"685","1997-11-15","Saturday","1997","11","15","34287"
"686","1997-11-16","Sunday","1997","11","16","34288"
"687","1997-11-17","Monday","1997","11","17","34289"
"688","1997-11-18","Tuesday","1997","11","18","34290"
"689","1997-11-19","Wednesday","1997","11","19","34291"
"690","1997-11-20","Thursday","1997","11","20","34292"
"691","1997-11-21","Friday","1997","11","21","34293"
"692","1997-11-22","Saturday","1997","11","22","34294"
"693","1997-11-23","Sunday","1997","11","23","34295"
"694","1997-11-24","Monday","1997","11","24","34296"
"695","1997-11-25","Tuesday","1997","11","25","34297"
"696","1997-11-26","Wednesday","1997","11","26","34298"
"697","1997-11-27","Thursday","1997","11","27","34299"
"698","1997-11-28","Friday","1997","11","28","34300"
"699","1997-11-29","Saturday","1997","11","29","34301"
"700","1997-11-30","Sunday","1997","11","30","34302"
"701","1997-12-01","Monday","1997","12","1","34303"
"702","1997-12-02","Tuesday","1997","12","2","34304"
"703","1997-12-03","Wednesday","1997","12","3","34305"
"704","1997-12-04","Thursday","1997","12","4","34306"
"705","1997-12-05","Friday","1997","12","5","34307"
"706","1997-12-06","Saturday","1997","12","6","34308"
"707","1997-12-07","Sunday","1997","12","7","34309"
"708","1997-12-08","Monday","1997","12","8","34310"
"709","1997-12-09","Tuesday","1997","12","9","34311"
"710","1997-12-10","Wednesday","1997","12","10","34312"
"711","1997-12-11","Thursday","1997","12","11","34313"
"712","1997-12-12","Friday","1997","12","12","34314"
"713","1997-12-13","Saturday","1997","12","13","34315"
"714","1997-12-14","Sunday","1997","12","14","34316"
"715","1997-12-15","Monday","1997","12","15","34317"
"716","1997-12-16","Tuesday","1997","12","16","34318"
"717","1997-12-17","Wednesday","1997","12","17","34319"
"718","1997-12-18","Thursday","1997","12","18","34320"
"719","1997-12-19","Friday","1997","12","19","34321"
"720","1997-12-20","Saturday","1997","12","20","34322"
"721","1997-12-21","Sunday","1997","12","21","34323"
"722","1997-12-22","Monday","1997","12","22","34324"
"723","1997-12-23","Tuesday","1997","12","23","34325"
"724","1997-12-24","Wednesday","1997","12","24","34326"
"725","1997-12-25","Thursday","1997","12","25","34327"
"726","1997-12-26","Friday","1997","12","26","34328"
"727","1997-12-27","Saturday","1997","12","27","34329"
"728","1997-12-28","Sunday","1997","12","28","34330"
"729","1997-12-29","Monday","1997","12","29","34331"
"730","1997-12-30","Tuesday","1997","12","30","34332"
"731","1997-12-31","Wednesday","1997","12","31","34333"
"732","1998-01-01","Thursday","1998","1","1","34334"
"733","1998-01-02","Friday","1998","1","2","34335"
"734","1998-01-03","Saturday","1998","1","3","34336"
"735","1998-01-04","Sunday","1998","1","4","34337"
"736","1998-01-05","Monday","1998","1","5","34338"
"737","1998-01-06","Tuesday","1998","1","6","34339"
"738","1998-01-07","Wednesday","1998","1","7","34340"
"739","1998-01-08","Thursday","1998","1","8","34341"
"740","1998-01-09","Friday","1998","1","9","34342"
"741","1998-01-10","Saturday","1998","1","10","34343"
"742","1998-01-11","Sunday","1998","1","11","34344"
"743","1998-01-12","Monday","1998","1","12","34345"
"744","1998-01-13","Tuesday","1998","1","13","34346"
"745","1998-01-14","Wednesday","1998","1","14","34347"
"746","1998-01-15","Thursday","1998","1","15","34348"
"747","1998-01-16","Friday","1998","1","16","34349"
"748","1998-01-17","Saturday","1998","1","17","34350"
"749","1998-01-18","Sunday","1998","1","18","34351"
"750","1998-01-19","Monday","1998","1","19","34352"
"751","1998-01-20","Tuesday","1998","1","20","34353"
"752","1998-01-21","Wednesday","1998","1","21","34354"
"753","1998-01-22","Thursday","1998","1","22","34355"
"754","1998-01-23","Friday","1998","1","23","34356"
"755","1998-01-24","Saturday","1998","1","24","34357"
"756","1998-01-25","Sunday","1998","1","25","34358"
"757","1998-01-26","Monday","1998","1","26","34359"
"758","1998-01-27","Tuesday","1998","1","27","34360"
"759","1998-01-28","Wednesday","1998","1","28","34361"
"760","1998-01-29","Thursday","1998","1","29","34362"
"761","1998-01-30","Friday","1998","1","30","34363"
"762","1998-01-31","Saturday","1998","1","31","34364"
"763","1998-02-01","Sunday","1998","2","1","34365"
"764","1998-02-02","Monday","1998","2","2","34366"
"765","1998-02-03","Tuesday","1998","2","3","34367"
"766","1998-02-04","Wednesday","1998","2","4","34368"
"767","1998-02-05","Thursday","1998","2","5","34369"
"768","1998-02-06","Friday","1998","2","6","34370"
"769","1998-02-07","Saturday","1998","2","7","34371"
"770","1998-02-08","Sunday","1998","2","8","34372"
"771","1998-02-09","Monday","1998","2","9","34373"
"772","1998-02-10","Tuesday","1998","2","10","34374"
"773","1998-02-11","Wednesday","1998","2","11","34375"
"774","1998-02-12","Thursday","1998","2","12","34376"
"775","1998-02-13","Friday","1998","2","13","34377"
"776","1998-02-14","Saturday","1998","2","14","34378"
"777","1998-02-15","Sunday","1998","2","15","34379"
"778","1998-02-16","Monday","1998","2","16","34380"
"779","1998-02-17","Tuesday","1998","2","17","34381"
"780","1998-02-18","Wednesday","1998","2","18","34382"
"781","1998-02-19","Thursday","1998","2","19","34383"
"782","1998-02-20","Friday","1998","2","20","34384"
"783","1998-02-21","Saturday","1998","2","21","34385"
"784","1998-02-22","Sunday","1998","2","22","34386"
"785","1998-02-23","Monday","1998","2","23","34387"
"786","1998-02-24","Tuesday","1998","2","24","34388"
"787","1998-02-25","Wednesday","1998","2","25","34389"
"788","1998-02-26","Thursday","1998","2","26","34390"
"789","1998-02-27","Friday","1998","2","27","34391"
"790","1998-02-28","Saturday","1998","2","28","34392"
"791","1998-03-01","Sunday","1998","3","1","34393"
"792","1998-03-02","Monday","1998","3","2","34394"
"793","1998-03-03","Tuesday","1998","3","3","34395"
"794","1998-03-04","Wednesday","1998","3","4","34396"
"795","1998-03-05","Thursday","1998","3","5","34397"
"796","1998-03-06","Friday","1998","3","6","34398"
"797","1998-03-07","Saturday","1998","3","7","34399"
"798","1998-03-08","Sunday","1998","3","8","34400"
"799","1998-03-09","Monday","1998","3","9","34401"
"800","1998-03-10","Tuesday","1998","3","10","34402"
"801","1998-03-11","Wednesday","1998","3","11","34403"
"802","1998-03-12","Thursday","1998","3","12","34404"
"803","1998-03-13","Friday","1998","3","13","34405"
"804","1998-03-14","Saturday","1998","3","14","34406"
"805","1998-03-15","Sunday","1998","3","15","34407"
"806","1998-03-16","Monday","1998","3","16","34408"
"807","1998-03-17","Tuesday","1998","3","17","34409"
"808","1998-03-18","Wednesday","1998","3","18","34410"
"809","1998-03-19","Thursday","1998","3","19","34411"
"810","1998-03-20","Friday","1998","3","20","34412"
"811","1998-03-21","Saturday","1998","3","21","34413"
"812","1998-03-22","Sunday","1998","3","22","34414"
"813","1998-03-23","Monday","1998","3","23","34415"
"814","1998-03-24","Tuesday","1998","3","24","34416"
"815","1998-03-25","Wednesday","1998","3","25","34417"
"816","1998-03-26","Thursday","1998","3","26","34418"
"817","1998-03-27","Friday","1998","3","27","34419"
"818","1998-03-28","Saturday","1998","3","28","34420"
"819","1998-03-29","Sunday","1998","3","29","34421"
"820","1998-03-30","Monday","1998","3","30","34422"
"821","1998-03-31","Tuesday","1998","3","31","34423"
"822","1998-04-01","Wednesday","1998","4","1","34424"
"823","1998-04-02","Thursday","1998","4","2","34425"
"824","1998-04-03","Friday","1998","4","3","34426"
"825","1998-04-04","Saturday","1998","4","4","34427"
"826","1998-04-05","Sunday","1998","4","5","34428"
"827","1998-04-06","Monday","1998","4","6","34429"
"828","1998-04-07","Tuesday","1998","4","7","34430"
"829","1998-04-08","Wednesday","1998","4","8","34431"
"830","1998-04-09","Thursday","1998","4","9","34432"
"831","1998-04-10","Friday","1998","4","10","34433"
"832","1998-04-11","Saturday","1998","4","11","34434"
"833","1998-04-12","Sunday","1998","4","12","34435"
"834","1998-04-13","Monday","1998","4","13","34436"
"835","1998-04-14","Tuesday","1998","4","14","34437"
"836","1998-04-15","Wednesday","1998","4","15","34438"
"837","1998-04-16","Thursday","1998","4","16","34439"
"838","1998-04-17","Friday","1998","4","17","34440"
"839","1998-04-18","Saturday","1998","4","18","34441"
"840","1998-04-19","Sunday","1998","4","19","34442"
"841","1998-04-20","Monday","1998","4","20","34443"
"842","1998-04-21","Tuesday","1998","4","21","34444"
"843","1998-04-22","Wednesday","1998","4","22","34445"
"844","1998-04-23","Thursday","1998","4","23","34446"
"845","1998-04-24","Friday","1998","4","24","34447"
"846","1998-04-25","Saturday","1998","4","25","34448"
"847","1998-04-26","Sunday","1998","4","26","34449"
"848","1998-04-27","Monday","1998","4","27","34450"
"849","1998-04-28","Tuesday","1998","4","28","34451"
"850","1998-04-29","Wednesday","1998","4","29","34452"
"851","1998-04-30","Thursday","1998","4","30","34453"
"852","1998-05-01","Friday","1998","5","1","34454"
"853","1998-05-02","Saturday","1998","5","2","34455"
"854","1998-05-03","Sunday","1998","5","3","34456"
"855","1998-05-04","Monday","1998","5","4","34457"
"856","1998-05-05","Tuesday","1998","5","5","34458"
"857","1998-05-06","Wednesday","1998","5","6","34459"
"858","1998-05-07","Thursday","1998","5","7","34460"
"859","1998-05-08","Friday","1998","5","8","34461"
"860","1998-05-09","Saturday","1998","5","9","34462"
"861","1998-05-10","Sunday","1998","5","10","34463"
"862","1998-05-11","Monday","1998","5","11","34464"
"863","1998-05-12","Tuesday","1998","5","12","34465"
"864","1998-05-13","Wednesday","1998","5","13","34466"
"865","1998-05-14","Thursday","1998","5","14","34467"
"866","1998-05-15","Friday","1998","5","15","34468"
"867","1998-05-16","Saturday","1998","5","16","34469"
"868","1998-05-17","Sunday","1998","5","17","34470"
"869","1998-05-18","Monday","1998","5","18","34471"
"870","1998-05-19","Tuesday","1998","5","19","34472"
"871","1998-05-20","Wednesday","1998","5","20","34473"
"872","1998-05-21","Thursday","1998","5","21","34474"
"873","1998-05-22","Friday","1998","5","22","34475"
"874","1998-05-23","Saturday","1998","5","23","34476"
"875","1998-05-24","Sunday","1998","5","24","34477"
"876","1998-05-25","Monday","1998","5","25","34478"
"877","1998-05-26","Tuesday","1998","5","26","34479"
"878","1998-05-27","Wednesday","1998","5","27","34480"
"879","1998-05-28","Thursday","1998","5","28","34481"
"880","1998-05-29","Friday","1998","5","29","34482"
"881","1998-05-30","Saturday","1998","5","30","34483"
"882","1998-05-31","Sunday","1998","5","31","34484"
"883","1998-06-01","Monday","1998","6","1","34485"
"884","1998-06-02","Tuesday","1998","6","2","34486"
"885","1998-06-03","Wednesday","1998","6","3","34487"
"886","1998-06-04","Thursday","1998","6","4","34488"
"887","1998-06-05","Friday","1998","6","5","34489"
"888","1998-06-06","Saturday","1998","6","6","34490"
"889","1998-06-07","Sunday","1998","6","7","34491"
"890","1998-06-08","Monday","1998","6","8","34492"
"891","1998-06-09","Tuesday","1998","6","9","34493"
"892","1998-06-10","Wednesday","1998","6","10","34494"
"893","1998-06-11","Thursday","1998","6","11","34495"
"894","1998-06-12","Friday","1998","6","12","34496"
"895","1998-06-13","Saturday","1998","6","13","34497"
"896","1998-06-14","Sunday","1998","6","14","34498"
"897","1998-06-15","Monday","1998","6","15","34499"
"898","1998-06-16","Tuesday","1998","6","16","34500"
"899","1998-06-17","Wednesday","1998","6","17","34501"
"900","1998-06-18","Thursday","1998","6","18","34502"
"901","1998-06-19","Friday","1998","6","19","34503"
"902","1998-06-20","Saturday","1998","6","20","34504"
"903","1998-06-21","Sunday","1998","6","21","34505"
"904","1998-06-22","Monday","1998","6","22","34506"
"905","1998-06-23","Tuesday","1998","6","23","34507"
"906","1998-06-24","Wednesday","1998","6","24","34508"
"907","1998-06-25","Thursday","1998","6","25","34509"
"908","1998-06-26","Friday","1998","6","26","34510"
"909","1998-06-27","Saturday","1998","6","27","34511"
"910","1998-06-28","Sunday","1998","6","28","34512"
"911","1998-06-29","Monday","1998","6","29","34513"
"912","1998-06-30","Tuesday","1998","6","30","34514"
"913","1998-07-01","Wednesday","1998","7","1","34515"
"914","1998-07-02","Thursday","1998","7","2","34516"
"915","1998-07-03","Friday","1998","7","3","34517"
"916","1998-07-04","Saturday","1998","7","4","34518"
"917","1998-07-05","Sunday","1998","7","5","34519"
"918","1998-07-06","Monday","1998","7","6","34520"
"919","1998-07-07","Tuesday","1998","7","7","34521"
"920","1998-07-08","Wednesday","1998","7","8","34522"
"921","1998-07-09","Thursday","1998","7","9","34523"
"922","1998-07-10","Friday","1998","7","10","34524"
"923","1998-07-11","Saturday","1998","7","11","34525"
"924","1998-07-12","Sunday","1998","7","12","34526"
"925","1998-07-13","Monday","1998","7","13","34527"
"926","1998-07-14","Tuesday","1998","7","14","34528"
"927","1998-07-15","Wednesday","1998","7","15","34529"
"928","1998-07-16","Thursday","1998","7","16","34530"
"929","1998-07-17","Friday","1998","7","17","34531"
"930","1998-07-18","Saturday","1998","7","18","34532"
"931","1998-07-19","Sunday","1998","7","19","34533"
"932","1998-07-20","Monday","1998","7","20","34534"
"933","1998-07-21","Tuesday","1998","7","21","34535"
"934","1998-07-22","Wednesday","1998","7","22","34536"
"935","1998-07-23","Thursday","1998","7","23","34537"
"936","1998-07-24","Friday","1998","7","24","34538"
"937","1998-07-25","Saturday","1998","7","25","34539"
"938","1998-07-26","Sunday","1998","7","26","34540"
"939","1998-07-27","Monday","1998","7","27","34541"
"940","1998-07-28","Tuesday","1998","7","28","34542"
"941","1998-07-29","Wednesday","1998","7","29","34543"
"942","1998-07-30","Thursday","1998","7","30","34544"
"943","1998-07-31","Friday","1998","7","31","34545"
"944","1998-08-01","Saturday","1998","8","1","34546"
"945","1998-08-02","Sunday","1998","8","2","34547"
"946","1998-08-03","Monday","1998","8","3","34548"
"947","1998-08-04","Tuesday","1998","8","4","34549"
"948","1998-08-05","Wednesday","1998","8","5","34550"
"949","1998-08-06","Thursday","1998","8","6","34551"
"950","1998-08-07","Friday","1998","8","7","34552"
"951","1998-08-08","Saturday","1998","8","8","34553"
"952","1998-08-09","Sunday","1998","8","9","34554"
"953","1998-08-10","Monday","1998","8","10","34555"
"954","1998-08-11","Tuesday","1998","8","11","34556"
"955","1998-08-12","Wednesday","1998","8","12","34557"
"956","1998-08-13","Thursday","1998","8","13","34558"
"957","1998-08-14","Friday","1998","8","14","34559"
"958","1998-08-15","Saturday","1998","8","15","34560"
"959","1998-08-16","Sunday","1998","8","16","34561"
"960","1998-08-17","Monday","1998","8","17","34562"
"961","1998-08-18","Tuesday","1998","8","18","34563"
"962","1998-08-19","Wednesday","1998","8","19","34564"
"963","1998-08-20","Thursday","1998","8","20","34565"
"964","1998-08-21","Friday","1998","8","21","34566"
"965","1998-08-22","Saturday","1998","8","22","34567"
"966","1998-08-23","Sunday","1998","8","23","34568"
"967","1998-08-24","Monday","1998","8","24","34569"
"968","1998-08-25","Tuesday","1998","8","25","34570"
"969","1998-08-26","Wednesday","1998","8","26","34571"
"970","1998-08-27","Thursday","1998","8","27","34572"
"971","1998-08-28","Friday","1998","8","28","34573"
"972","1998-08-29","Saturday","1998","8","29","34574"
"973","1998-08-30","Sunday","1998","8","30","34575"
"974","1998-08-31","Monday","1998","8","31","34576"
"975","1998-09-01","Tuesday","1998","9","1","34577"
"976","1998-09-02","Wednesday","1998","9","2","34578"
"977","1998-09-03","Thursday","1998","9","3","34579"
"978","1998-09-04","Friday","1998","9","4","34580"
"979","1998-09-05","Saturday","1998","9","5","34581"
"980","1998-09-06","Sunday","1998","9","6","34582"
"981","1998-09-07","Monday","1998","9","7","34583"
"982","1998-09-08","Tuesday","1998","9","8","34584"
"983","1998-09-09","Wednesday","1998","9","9","34585"
"984","1998-09-10","Thursday","1998","9","10","34586"
"985","1998-09-11","Friday","1998","9","11","34587"
"986","1998-09-12","Saturday","1998","9","12","34588"
"987","1998-09-13","Sunday","1998","9","13","34589"
"988","1998-09-14","Monday","1998","9","14","34590"
"989","1998-09-15","Tuesday","1998","9","15","34591"
"990","1998-09-16","Wednesday","1998","9","16","34592"
"991","1998-09-17","Thursday","1998","9","17","34593"
"992","1998-09-18","Friday","1998","9","18","34594"
"993","1998-09-19","Saturday","1998","9","19","34595"
"994","1998-09-20","Sunday","1998","9","20","34596"
"995","1998-09-21","Monday","1998","9","21","34597"
"996","1998-09-22","Tuesday","1998","9","22","34598"
"997","1998-09-23","Wednesday","1998","9","23","34599"
"998","1998-09-24","Thursday","1998","9","24","34600"
"999","1998-09-25","Friday","1998","9","25","34601"
"1000","1998-09-26","Saturday","1998","9","26","34602"
"1001","1998-09-27","Sunday","1998","9","27","34603"
"1002","1998-09-28","Monday","1998","9","28","34604"
"1003","1998-09-29","Tuesday","1998","9","29","34605"
"1004","1998-09-30","Wednesday","1998","9","30","34606"
"1005","1998-10-01","Thursday","1998","10","1","34607"
"1006","1998-10-02","Friday","1998","10","2","34608"
"1007","1998-10-03","Saturday","1998","10","3","34609"
"1008","1998-10-04","Sunday","1998","10","4","34610"
"1009","1998-10-05","Monday","1998","10","5","34611"
"1010","1998-10-06","Tuesday","1998","10","6","34612"
"1011","1998-10-07","Wednesday","1998","10","7","34613"
"1012","1998-10-08","Thursday","1998","10","8","34614"
"1013","1998-10-09","Friday","1998","10","9","34615"
"1014","1998-10-10","Saturday","1998","10","10","34616"
"1015","1998-10-11","Sunday","1998","10","11","34617"
"1016","1998-10-12","Monday","1998","10","12","34618"
"1017","1998-10-13","Tuesday","1998","10","13","34619"
"1018","1998-10-14","Wednesday","1998","10","14","34620"
"1019","1998-10-15","Thursday","1998","10","15","34621"
"1020","1998-10-16","Friday","1998","10","16","34622"
"1021","1998-10-17","Saturday","1998","10","17","34623"
"1022","1998-10-18","Sunday","1998","10","18","34624"
"1023","1998-10-19","Monday","1998","10","19","34625"
"1024","1998-10-20","Tuesday","1998","10","20","34626"
"1025","1998-10-21","Wednesday","1998","10","21","34627"
"1026","1998-10-22","Thursday","1998","10","22","34628"
"1027","1998-10-23","Friday","1998","10","23","34629"
"1028","1998-10-24","Saturday","1998","10","24","34630"
"1029","1998-10-25","Sunday","1998","10","25","34631"
"1030","1998-10-26","Monday","1998","10","26","34632"
"1031","1998-10-27","Tuesday","1998","10","27","34633"
"1032","1998-10-28","Wednesday","1998","10","28","34634"
"1033","1998-10-29","Thursday","1998","10","29","34635"
"1034","1998-10-30","Friday","1998","10","30","34636"
"1035","1998-10-31","Saturday","1998","10","31","34637"
"1036","1998-11-01","Sunday","1998","11","1","34638"
"1037","1998-11-02","Monday","1998","11","2","34639"
"1038","1998-11-03","Tuesday","1998","11","3","34640"
"1039","1998-11-04","Wednesday","1998","11","4","34641"
"1040","1998-11-05","Thursday","1998","11","5","34642"
"1041","1998-11-06","Friday","1998","11","6","34643"
"1042","1998-11-07","Saturday","1998","11","7","34644"
"1043","1998-11-08","Sunday","1998","11","8","34645"
"1044","1998-11-09","Monday","1998","11","9","34646"
"1045","1998-11-10","Tuesday","1998","11","10","34647"
"1046","1998-11-11","Wednesday","1998","11","11","34648"
"1047","1998-11-12","Thursday","1998","11","12","34649"
"1048","1998-11-13","Friday","1998","11","13","34650"
"1049","1998-11-14","Saturday","1998","11","14","34651"
"1050","1998-11-15","Sunday","1998","11","15","34652"
"1051","1998-11-16","Monday","1998","11","16","34653"
"1052","1998-11-17","Tuesday","1998","11","17","34654"
"1053","1998-11-18","Wednesday","1998","11","18","34655"
"1054","1998-11-19","Thursday","1998","11","19","34656"
"1055","1998-11-20","Friday","1998","11","20","34657"
"1056","1998-11-21","Saturday","1998","11","21","34658"
"1057","1998-11-22","Sunday","1998","11","22","34659"
"1058","1998-11-23","Monday","1998","11","23","34660"
"1059","1998-11-24","Tuesday","1998","11","24","34661"
"1060","1998-11-25","Wednesday","1998","11","25","34662"
"1061","1998-11-26","Thursday","1998","11","26","34663"
"1062","1998-11-27","Friday","1998","11","27","34664"
"1063","1998-11-28","Saturday","1998","11","28","34665"
"1064","1998-11-29","Sunday","1998","11","29","34666"
"1065","1998-11-30","Monday","1998","11","30","34667"
"1066","1998-12-01","Tuesday","1998","12","1","34668"
"1067","1998-12-02","Wednesday","1998","12","2","34669"
"1068","1998-12-03","Thursday","1998","12","3","34670"
"1069","1998-12-04","Friday","1998","12","4","34671"
"1070","1998-12-05","Saturday","1998","12","5","34672"
"1071","1998-12-06","Sunday","1998","12","6","34673"
"1072","1998-12-07","Monday","1998","12","7","34674"
"1073","1998-12-08","Tuesday","1998","12","8","34675"
"1074","1998-12-09","Wednesday","1998","12","9","34676"
"1075","1998-12-10","Thursday","1998","12","10","34677"
"1076","1998-12-11","Friday","1998","12","11","34678"
"1077","1998-12-12","Saturday","1998","12","12","34679"
"1078","1998-12-13","Sunday","1998","12","13","34680"
"1079","1998-12-14","Monday","1998","12","14","34681"
"1080","1998-12-15","Tuesday","1998","12","15","34682"
"1081","1998-12-16","Wednesday","1998","12","16","34683"
"1082","1998-12-17","Thursday","1998","12","17","34684"
"1083","1998-12-18","Friday","1998","12","18","34685"
"1084","1998-12-19","Saturday","1998","12","19","34686"
"1085","1998-12-20","Sunday","1998","12","20","34687"
"1086","1998-12-21","Monday","1998","12","21","34688"
"1087","1998-12-22","Tuesday","1998","12","22","34689"
"1088","1998-12-23","Wednesday","1998","12","23","34690"
"1089","1998-12-24","Thursday","1998","12","24","34691"
"1090","1998-12-25","Friday","1998","12","25","34692"
"1091","1998-12-26","Saturday","1998","12","26","34693"
"1092","1998-12-27","Sunday","1998","12","27","34694"
"1093","1998-12-28","Monday","1998","12","28","34695"
"1094","1998-12-29","Tuesday","1998","12","29","34696"
"1095","1998-12-30","Wednesday","1998","12","30","34697"
"1096","1998-12-31","Thursday","1998","12","31","34698"
"1097","1999-01-01","Friday","1999","1","1","34699"
"1098","1999-01-02","Saturday","1999","1","2","34700"
"1099","1999-01-03","Sunday","1999","1","3","34701"
"1100","1999-01-04","Monday","1999","1","4","34702"
"1101","1999-01-05","Tuesday","1999","1","5","34703"
"1102","1999-01-06","Wednesday","1999","1","6","34704"
"1103","1999-01-07","Thursday","1999","1","7","34705"
"1104","1999-01-08","Friday","1999","1","8","34706"
"1105","1999-01-09","Saturday","1999","1","9","34707"
"1106","1999-01-10","Sunday","1999","1","10","34708"
"1107","1999-01-11","Monday","1999","1","11","34709"
"1108","1999-01-12","Tuesday","1999","1","12","34710"
"1109","1999-01-13","Wednesday","1999","1","13","34711"
"1110","1999-01-14","Thursday","1999","1","14","34712"
"1111","1999-01-15","Friday","1999","1","15","34713"
"1112","1999-01-16","Saturday","1999","1","16","34714"
"1113","1999-01-17","Sunday","1999","1","17","34715"
"1114","1999-01-18","Monday","1999","1","18","34716"
"1115","1999-01-19","Tuesday","1999","1","19","34717"
"1116","1999-01-20","Wednesday","1999","1","20","34718"
"1117","1999-01-21","Thursday","1999","1","21","34719"
"1118","1999-01-22","Friday","1999","1","22","34720"
"1119","1999-01-23","Saturday","1999","1","23","34721"
"1120","1999-01-24","Sunday","1999","1","24","34722"
"1121","1999-01-25","Monday","1999","1","25","34723"
"1122","1999-01-26","Tuesday","1999","1","26","34724"
"1123","1999-01-27","Wednesday","1999","1","27","34725"
"1124","1999-01-28","Thursday","1999","1","28","34726"
"1125","1999-01-29","Friday","1999","1","29","34727"
"1126","1999-01-30","Saturday","1999","1","30","34728"
"1127","1999-01-31","Sunday","1999","1","31","34729"
"1128","1999-02-01","Monday","1999","2","1","34730"
"1129","1999-02-02","Tuesday","1999","2","2","34731"
"1130","1999-02-03","Wednesday","1999","2","3","34732"
"1131","1999-02-04","Thursday","1999","2","4","34733"
"1132","1999-02-05","Friday","1999","2","5","34734"
"1133","1999-02-06","Saturday","1999","2","6","34735"
"1134","1999-02-07","Sunday","1999","2","7","34736"
"1135","1999-02-08","Monday","1999","2","8","34737"
"1136","1999-02-09","Tuesday","1999","2","9","34738"
"1137","1999-02-10","Wednesday","1999","2","10","34739"
"1138","1999-02-11","Thursday","1999","2","11","34740"
"1139","1999-02-12","Friday","1999","2","12","34741"
"1140","1999-02-13","Saturday","1999","2","13","34742"
"1141","1999-02-14","Sunday","1999","2","14","34743"
"1142","1999-02-15","Monday","1999","2","15","34744"
"1143","1999-02-16","Tuesday","1999","2","16","34745"
"1144","1999-02-17","Wednesday","1999","2","17","34746"
"1145","1999-02-18","Thursday","1999","2","18","34747"
"1146","1999-02-19","Friday","1999","2","19","34748"
"1147","1999-02-20","Saturday","1999","2","20","34749"
"1148","1999-02-21","Sunday","1999","2","21","34750"
"1149","1999-02-22","Monday","1999","2","22","34751"
"1150","1999-02-23","Tuesday","1999","2","23","34752"
"1151","1999-02-24","Wednesday","1999","2","24","34753"
"1152","1999-02-25","Thursday","1999","2","25","34754"
"1153","1999-02-26","Friday","1999","2","26","34755"
"1154","1999-02-27","Saturday","1999","2","27","34756"
"1155","1999-02-28","Sunday","1999","2","28","34757"
"1156","1999-03-01","Monday","1999","3","1","34758"
"1157","1999-03-02","Tuesday","1999","3","2","34759"
"1158","1999-03-03","Wednesday","1999","3","3","34760"
"1159","1999-03-04","Thursday","1999","3","4","34761"
"1160","1999-03-05","Friday","1999","3","5","34762"
"1161","1999-03-06","Saturday","1999","3","6","34763"
"1162","1999-03-07","Sunday","1999","3","7","34764"
"1163","1999-03-08","Monday","1999","3","8","34765"
"1164","1999-03-09","Tuesday","1999","3","9","34766"
"1165","1999-03-10","Wednesday","1999","3","10","34767"
"1166","1999-03-11","Thursday","1999","3","11","34768"
"1167","1999-03-12","Friday","1999","3","12","34769"
"1168","1999-03-13","Saturday","1999","3","13","34770"
"1169","1999-03-14","Sunday","1999","3","14","34771"
"1170","1999-03-15","Monday","1999","3","15","34772"
"1171","1999-03-16","Tuesday","1999","3","16","34773"
"1172","1999-03-17","Wednesday","1999","3","17","34774"
"1173","1999-03-18","Thursday","1999","3","18","34775"
"1174","1999-03-19","Friday","1999","3","19","34776"
"1175","1999-03-20","Saturday","1999","3","20","34777"
"1176","1999-03-21","Sunday","1999","3","21","34778"
"1177","1999-03-22","Monday","1999","3","22","34779"
"1178","1999-03-23","Tuesday","1999","3","23","34780"
"1179","1999-03-24","Wednesday","1999","3","24","34781"
"1180","1999-03-25","Thursday","1999","3","25","34782"
"1181","1999-03-26","Friday","1999","3","26","34783"
"1182","1999-03-27","Saturday","1999","3","27","34784"
"1183","1999-03-28","Sunday","1999","3","28","34785"
"1184","1999-03-29","Monday","1999","3","29","34786"
"1185","1999-03-30","Tuesday","1999","3","30","34787"
"1186","1999-03-31","Wednesday","1999","3","31","34788"
"1187","1999-04-01","Thursday","1999","4","1","34789"
"1188","1999-04-02","Friday","1999","4","2","34790"
"1189","1999-04-03","Saturday","1999","4","3","34791"
"1190","1999-04-04","Sunday","1999","4","4","34792"
"1191","1999-04-05","Monday","1999","4","5","34793"
"1192","1999-04-06","Tuesday","1999","4","6","34794"
"1193","1999-04-07","Wednesday","1999","4","7","34795"
"1194","1999-04-08","Thursday","1999","4","8","34796"
"1195","1999-04-09","Friday","1999","4","9","34797"
"1196","1999-04-10","Saturday","1999","4","10","34798"
"1197","1999-04-11","Sunday","1999","4","11","34799"
"1198","1999-04-12","Monday","1999","4","12","34800"
"1199","1999-04-13","Tuesday","1999","4","13","34801"
"1200","1999-04-14","Wednesday","1999","4","14","34802"
"1201","1999-04-15","Thursday","1999","4","15","34803"
"1202","1999-04-16","Friday","1999","4","16","34804"
"1203","1999-04-17","Saturday","1999","4","17","34805"
"1204","1999-04-18","Sunday","1999","4","18","34806"
"1205","1999-04-19","Monday","1999","4","19","34807"
"1206","1999-04-20","Tuesday","1999","4","20","34808"
"1207","1999-04-21","Wednesday","1999","4","21","34809"
"1208","1999-04-22","Thursday","1999","4","22","34810"
"1209","1999-04-23","Friday","1999","4","23","34811"
"1210","1999-04-24","Saturday","1999","4","24","34812"
"1211","1999-04-25","Sunday","1999","4","25","34813"
"1212","1999-04-26","Monday","1999","4","26","34814"
"1213","1999-04-27","Tuesday","1999","4","27","34815"
"1214","1999-04-28","Wednesday","1999","4","28","34816"
"1215","1999-04-29","Thursday","1999","4","29","34817"
"1216","1999-04-30","Friday","1999","4","30","34818"
"1217","1999-05-01","Saturday","1999","5","1","34819"
"1218","1999-05-02","Sunday","1999","5","2","34820"
"1219","1999-05-03","Monday","1999","5","3","34821"
"1220","1999-05-04","Tuesday","1999","5","4","34822"
"1221","1999-05-05","Wednesday","1999","5","5","34823"
"1222","1999-05-06","Thursday","1999","5","6","34824"
"1223","1999-05-07","Friday","1999","5","7","34825"
"1224","1999-05-08","Saturday","1999","5","8","34826"
"1225","1999-05-09","Sunday","1999","5","9","34827"
"1226","1999-05-10","Monday","1999","5","10","34828"
"1227","1999-05-11","Tuesday","1999","5","11","34829"
"1228","1999-05-12","Wednesday","1999","5","12","34830"
"1229","1999-05-13","Thursday","1999","5","13","34831"
"1230","1999-05-14","Friday","1999","5","14","34832"
"1231","1999-05-15","Saturday","1999","5","15","34833"
"1232","1999-05-16","Sunday","1999","5","16","34834"
"1233","1999-05-17","Monday","1999","5","17","34835"
"1234","1999-05-18","Tuesday","1999","5","18","34836"
"1235","1999-05-19","Wednesday","1999","5","19","34837"
"1236","1999-05-20","Thursday","1999","5","20","34838"
"1237","1999-05-21","Friday","1999","5","21","34839"
"1238","1999-05-22","Saturday","1999","5","22","34840"
"1239","1999-05-23","Sunday","1999","5","23","34841"
"1240","1999-05-24","Monday","1999","5","24","34842"
"1241","1999-05-25","Tuesday","1999","5","25","34843"
"1242","1999-05-26","Wednesday","1999","5","26","34844"
"1243","1999-05-27","Thursday","1999","5","27","34845"
"1244","1999-05-28","Friday","1999","5","28","34846"
"1245","1999-05-29","Saturday","1999","5","29","34847"
"1246","1999-05-30","Sunday","1999","5","30","34848"
"1247","1999-05-31","Monday","1999","5","31","34849"
"1248","1999-06-01","Tuesday","1999","6","1","34850"
"1249","1999-06-02","Wednesday","1999","6","2","34851"
"1250","1999-06-03","Thursday","1999","6","3","34852"
"1251","1999-06-04","Friday","1999","6","4","34853"
"1252","1999-06-05","Saturday","1999","6","5","34854"
"1253","1999-06-06","Sunday","1999","6","6","34855"
"1254","1999-06-07","Monday","1999","6","7","34856"
"1255","1999-06-08","Tuesday","1999","6","8","34857"
"1256","1999-06-09","Wednesday","1999","6","9","34858"
"1257","1999-06-10","Thursday","1999","6","10","34859"
"1258","1999-06-11","Friday","1999","6","11","34860"
"1259","1999-06-12","Saturday","1999","6","12","34861"
"1260","1999-06-13","Sunday","1999","6","13","34862"
"1261","1999-06-14","Monday","1999","6","14","34863"
"1262","1999-06-15","Tuesday","1999","6","15","34864"
"1263","1999-06-16","Wednesday","1999","6","16","34865"
"1264","1999-06-17","Thursday","1999","6","17","34866"
"1265","1999-06-18","Friday","1999","6","18","34867"
"1266","1999-06-19","Saturday","1999","6","19","34868"
"1267","1999-06-20","Sunday","1999","6","20","34869"
"1268","1999-06-21","Monday","1999","6","21","34870"
"1269","1999-06-22","Tuesday","1999","6","22","34871"
"1270","1999-06-23","Wednesday","1999","6","23","34872"
"1271","1999-06-24","Thursday","1999","6","24","34873"
"1272","1999-06-25","Friday","1999","6","25","34874"
"1273","1999-06-26","Saturday","1999","6","26","34875"
"1274","1999-06-27","Sunday","1999","6","27","34876"
"1275","1999-06-28","Monday","1999","6","28","34877"
"1276","1999-06-29","Tuesday","1999","6","29","34878"
"1277","1999-06-30","Wednesday","1999","6","30","34879"
"1278","1999-07-01","Thursday","1999","7","1","34880"
"1279","1999-07-02","Friday","1999","7","2","34881"
"1280","1999-07-03","Saturday","1999","7","3","34882"
"1281","1999-07-04","Sunday","1999","7","4","34883"
"1282","1999-07-05","Monday","1999","7","5","34884"
"1283","1999-07-06","Tuesday","1999","7","6","34885"
"1284","1999-07-07","Wednesday","1999","7","7","34886"
"1285","1999-07-08","Thursday","1999","7","8","34887"
"1286","1999-07-09","Friday","1999","7","9","34888"
"1287","1999-07-10","Saturday","1999","7","10","34889"
"1288","1999-07-11","Sunday","1999","7","11","34890"
"1289","1999-07-12","Monday","1999","7","12","34891"
"1290","1999-07-13","Tuesday","1999","7","13","34892"
"1291","1999-07-14","Wednesday","1999","7","14","34893"
"1292","1999-07-15","Thursday","1999","7","15","34894"
"1293","1999-07-16","Friday","1999","7","16","34895"
"1294","1999-07-17","Saturday","1999","7","17","34896"
"1295","1999-07-18","Sunday","1999","7","18","34897"
"1296","1999-07-19","Monday","1999","7","19","34898"
"1297","1999-07-20","Tuesday","1999","7","20","34899"
"1298","1999-07-21","Wednesday","1999","7","21","34900"
"1299","1999-07-22","Thursday","1999","7","22","34901"
"1300","1999-07-23","Friday","1999","7","23","34902"
"1301","1999-07-24","Saturday","1999","7","24","34903"
"1302","1999-07-25","Sunday","1999","7","25","34904"
"1303","1999-07-26","Monday","1999","7","26","34905"
"1304","1999-07-27","Tuesday","1999","7","27","34906"
"1305","1999-07-28","Wednesday","1999","7","28","34907"
"1306","1999-07-29","Thursday","1999","7","29","34908"
"1307","1999-07-30","Friday","1999","7","30","34909"
"1308","1999-07-31","Saturday","1999","7","31","34910"
"1309","1999-08-01","Sunday","1999","8","1","34911"
"1310","1999-08-02","Monday","1999","8","2","34912"
"1311","1999-08-03","Tuesday","1999","8","3","34913"
"1312","1999-08-04","Wednesday","1999","8","4","34914"
"1313","1999-08-05","Thursday","1999","8","5","34915"
"1314","1999-08-06","Friday","1999","8","6","34916"
"1315","1999-08-07","Saturday","1999","8","7","34917"
"1316","1999-08-08","Sunday","1999","8","8","34918"
"1317","1999-08-09","Monday","1999","8","9","34919"
"1318","1999-08-10","Tuesday","1999","8","10","34920"
"1319","1999-08-11","Wednesday","1999","8","11","34921"
"1320","1999-08-12","Thursday","1999","8","12","34922"
"1321","1999-08-13","Friday","1999","8","13","34923"
"1322","1999-08-14","Saturday","1999","8","14","34924"
"1323","1999-08-15","Sunday","1999","8","15","34925"
"1324","1999-08-16","Monday","1999","8","16","34926"
"1325","1999-08-17","Tuesday","1999","8","17","34927"
"1326","1999-08-18","Wednesday","1999","8","18","34928"
"1327","1999-08-19","Thursday","1999","8","19","34929"
"1328","1999-08-20","Friday","1999","8","20","34930"
"1329","1999-08-21","Saturday","1999","8","21","34931"
"1330","1999-08-22","Sunday","1999","8","22","34932"
"1331","1999-08-23","Monday","1999","8","23","34933"
"1332","1999-08-24","Tuesday","1999","8","24","34934"
"1333","1999-08-25","Wednesday","1999","8","25","34935"
"1334","1999-08-26","Thursday","1999","8","26","34936"
"1335","1999-08-27","Friday","1999","8","27","34937"
"1336","1999-08-28","Saturday","1999","8","28","34938"
"1337","1999-08-29","Sunday","1999","8","29","34939"
"1338","1999-08-30","Monday","1999","8","30","34940"
"1339","1999-08-31","Tuesday","1999","8","31","34941"
"1340","1999-09-01","Wednesday","1999","9","1","34942"
"1341","1999-09-02","Thursday","1999","9","2","34943"
"1342","1999-09-03","Friday","1999","9","3","34944"
"1343","1999-09-04","Saturday","1999","9","4","34945"
"1344","1999-09-05","Sunday","1999","9","5","34946"
"1345","1999-09-06","Monday","1999","9","6","34947"
"1346","1999-09-07","Tuesday","1999","9","7","34948"
"1347","1999-09-08","Wednesday","1999","9","8","34949"
"1348","1999-09-09","Thursday","1999","9","9","34950"
"1349","1999-09-10","Friday","1999","9","10","34951"
"1350","1999-09-11","Saturday","1999","9","11","34952"
"1351","1999-09-12","Sunday","1999","9","12","34953"
"1352","1999-09-13","Monday","1999","9","13","34954"
"1353","1999-09-14","Tuesday","1999","9","14","34955"
"1354","1999-09-15","Wednesday","1999","9","15","34956"
"1355","1999-09-16","Thursday","1999","9","16","34957"
"1356","1999-09-17","Friday","1999","9","17","34958"
"1357","1999-09-18","Saturday","1999","9","18","34959"
"1358","1999-09-19","Sunday","1999","9","19","34960"
"1359","1999-09-20","Monday","1999","9","20","34961"
"1360","1999-09-21","Tuesday","1999","9","21","34962"
"1361","1999-09-22","Wednesday","1999","9","22","34963"
"1362","1999-09-23","Thursday","1999","9","23","34964"
"1363","1999-09-24","Friday","1999","9","24","34965"
"1364","1999-09-25","Saturday","1999","9","25","34966"
"1365","1999-09-26","Sunday","1999","9","26","34967"
"1366","1999-09-27","Monday","1999","9","27","34968"
"1367","1999-09-28","Tuesday","1999","9","28","34969"
"1368","1999-09-29","Wednesday","1999","9","29","34970"
"1369","1999-09-30","Thursday","1999","9","30","34971"
"1370","1999-10-01","Friday","1999","10","1","34972"
"1371","1999-10-02","Saturday","1999","10","2","34973"
"1372","1999-10-03","Sunday","1999","10","3","34974"
"1373","1999-10-04","Monday","1999","10","4","34975"
"1374","1999-10-05","Tuesday","1999","10","5","34976"
"1375","1999-10-06","Wednesday","1999","10","6","34977"
"1376","1999-10-07","Thursday","1999","10","7","34978"
"1377","1999-10-08","Friday","1999","10","8","34979"
"1378","1999-10-09","Saturday","1999","10","9","34980"
"1379","1999-10-10","Sunday","1999","10","10","34981"
"1380","1999-10-11","Monday","1999","10","11","34982"
"1381","1999-10-12","Tuesday","1999","10","12","34983"
"1382","1999-10-13","Wednesday","1999","10","13","34984"
"1383","1999-10-14","Thursday","1999","10","14","34985"
"1384","1999-10-15","Friday","1999","10","15","34986"
"1385","1999-10-16","Saturday","1999","10","16","34987"
"1386","1999-10-17","Sunday","1999","10","17","34988"
"1387","1999-10-18","Monday","1999","10","18","34989"
"1388","1999-10-19","Tuesday","1999","10","19","34990"
"1389","1999-10-20","Wednesday","1999","10","20","34991"
"1390","1999-10-21","Thursday","1999","10","21","34992"
"1391","1999-10-22","Friday","1999","10","22","34993"
"1392","1999-10-23","Saturday","1999","10","23","34994"
"1393","1999-10-24","Sunday","1999","10","24","34995"
"1394","1999-10-25","Monday","1999","10","25","34996"
"1395","1999-10-26","Tuesday","1999","10","26","34997"
"1396","1999-10-27","Wednesday","1999","10","27","34998"
"1397","1999-10-28","Thursday","1999","10","28","34999"
"1398","1999-10-29","Friday","1999","10","29","35000"
"1399","1999-10-30","Saturday","1999","10","30","35001"
"1400","1999-10-31","Sunday","1999","10","31","35002"
"1401","1999-11-01","Monday","1999","11","1","35003"
"1402","1999-11-02","Tuesday","1999","11","2","35004"
"1403","1999-11-03","Wednesday","1999","11","3","35005"
"1404","1999-11-04","Thursday","1999","11","4","35006"
"1405","1999-11-05","Friday","1999","11","5","35007"
"1406","1999-11-06","Saturday","1999","11","6","35008"
"1407","1999-11-07","Sunday","1999","11","7","35009"
"1408","1999-11-08","Monday","1999","11","8","35010"
"1409","1999-11-09","Tuesday","1999","11","9","35011"
"1410","1999-11-10","Wednesday","1999","11","10","35012"
"1411","1999-11-11","Thursday","1999","11","11","35013"
"1412","1999-11-12","Friday","1999","11","12","35014"
"1413","1999-11-13","Saturday","1999","11","13","35015"
"1414","1999-11-14","Sunday","1999","11","14","35016"
"1415","1999-11-15","Monday","1999","11","15","35017"
"1416","1999-11-16","Tuesday","1999","11","16","35018"
"1417","1999-11-17","Wednesday","1999","11","17","35019"
"1418","1999-11-18","Thursday","1999","11","18","35020"
"1419","1999-11-19","Friday","1999","11","19","35021"
"1420","1999-11-20","Saturday","1999","11","20","35022"
"1421","1999-11-21","Sunday","1999","11","21","35023"
"1422","1999-11-22","Monday","1999","11","22","35024"
"1423","1999-11-23","Tuesday","1999","11","23","35025"
"1424","1999-11-24","Wednesday","1999","11","24","35026"
"1425","1999-11-25","Thursday","1999","11","25","35027"
"1426","1999-11-26","Friday","1999","11","26","35028"
"1427","1999-11-27","Saturday","1999","11","27","35029"
"1428","1999-11-28","Sunday","1999","11","28","35030"
"1429","1999-11-29","Monday","1999","11","29","35031"
"1430","1999-11-30","Tuesday","1999","11","30","35032"
"1431","1999-12-01","Wednesday","1999","12","1","35033"
"1432","1999-12-02","Thursday","1999","12","2","35034"
"1433","1999-12-03","Friday","1999","12","3","35035"
"1434","1999-12-04","Saturday","1999","12","4","35036"
"1435","1999-12-05","Sunday","1999","12","5","35037"
"1436","1999-12-06","Monday","1999","12","6","35038"
"1437","1999-12-07","Tuesday","1999","12","7","35039"
"1438","1999-12-08","Wednesday","1999","12","8","35040"
"1439","1999-12-09","Thursday","1999","12","9","35041"
"1440","1999-12-10","Friday","1999","12","10","35042"
"1441","1999-12-11","Saturday","1999","12","11","35043"
"1442","1999-12-12","Sunday","1999","12","12","35044"
"1443","1999-12-13","Monday","1999","12","13","35045"
"1444","1999-12-14","Tuesday","1999","12","14","35046"
"1445","1999-12-15","Wednesday","1999","12","15","35047"
"1446","1999-12-16","Thursday","1999","12","16","35048"
"1447","1999-12-17","Friday","1999","12","17","35049"
"1448","1999-12-18","Saturday","1999","12","18","35050"
"1449","1999-12-19","Sunday","1999","12","19","35051"
"1450","1999-12-20","Monday","1999","12","20","35052"
"1451","1999-12-21","Tuesday","1999","12","21","35053"
"1452","1999-12-22","Wednesday","1999","12","22","35054"
"1453","1999-12-23","Thursday","1999","12","23","35055"
"1454","1999-12-24","Friday","1999","12","24","35056"
"1455","1999-12-25","Saturday","1999","12","25","35057"
"1456","1999-12-26","Sunday","1999","12","26","35058"
"1457","1999-12-27","Monday","1999","12","27","35059"
"1458","1999-12-28","Tuesday","1999","12","28","35060"
"1459","1999-12-29","Wednesday","1999","12","29","35061"
"1460","1999-12-30","Thursday","1999","12","30","35062"
"1461","1999-12-31","Friday","1999","12","31","35063"
